Branch,Claim_Volume,Avg_Feedback_Score
Sibiu,152,3.724680426405188
Bucuresti,398,2.0920716438558378
Timisoara,320,1.739628122481016
Constanta,156,3.5996503917327414
Iasi,121,3.503632563943359
Cluj,238,3.1411533346169898
Brasov,70,4.231201853512658
